-- phpMyAdmin SQL Dump
-- version 4.0.4.1
-- http://www.phpmyadmin.net
--
-- Host: 127.0.0.1
-- Generation Time: Jan 22, 2015 at 12:12 PM
-- Server version: 5.6.11
-- PHP Version: 5.5.3

SET SQL_MODE = "NO_AUTO_VALUE_ON_ZERO";
SET time_zone = "+00:00";


/*!40101 SET @OLD_CHARACTER_SET_CLIENT=@@CHARACTER_SET_CLIENT */;
/*!40101 SET @OLD_CHARACTER_SET_RESULTS=@@CHARACTER_SET_RESULTS */;
/*!40101 SET @OLD_COLLATION_CONNECTION=@@COLLATION_CONNECTION */;
/*!40101 SET NAMES utf8 */;

--
-- Database: `bookstore`
--
CREATE DATABASE IF NOT EXISTS `bookstore` DEFAULT CHARACTER SET utf8 COLLATE utf8_general_ci;
USE `bookstore`;

-- --------------------------------------------------------

--
-- Table structure for table `authors`
--

CREATE TABLE IF NOT EXISTS `authors` (
  `id` int(11) NOT NULL AUTO_INCREMENT,
  `name` varchar(45) DEFAULT NULL,
  `description` varchar(255) DEFAULT NULL,
  `image` varchar(255) DEFAULT NULL,
  PRIMARY KEY (`id`)
) ENGINE=MyISAM  DEFAULT CHARSET=utf8 AUTO_INCREMENT=58 ;

--
-- Dumping data for table `authors`
--

INSERT INTO `authors` (`id`, `name`, `description`, `image`) VALUES
(1, 'Nhóm tác giả', NULL, 'no-photo.png'),
(2, 'Hibino Shozo', NULL, 'no-photo.png'),
(3, 'Shiv Khera', NULL, 'no-photo.png'),
(4, 'Tony Buzan', NULL, 'no-photo.png'),
(5, 'Eran Katz', NULL, 'no-photo.png'),
(6, 'Brian Tracy', NULL, 'no-photo.png'),
(7, ' Rich DeVos', NULL, 'no-photo.png'),
(8, 'Napoleon Hill', NULL, 'no-photo.png'),
(9, 'Joe Vitale', NULL, 'no-photo.png'),
(10, 'Lí Thành Tư - Hạ Dịch Ân', NULL, 'no-photo.png'),
(11, 'TS. Bùi Quang Tín', NULL, 'no-photo.png'),
(12, 'Nhiều Tác Giả', NULL, 'no-photo.png'),
(13, 'Jeremy Harbour', NULL, 'no-photo.png'),
(14, 'Robert G.Hagstrom', NULL, 'no-photo.png'),
(15, 'Jonah Berger', NULL, 'no-photo.png'),
(16, 'Kim Byung Wan', NULL, 'no-photo.png'),
(17, 'JaeYong Song - KyungMook Lee', NULL, 'no-photo.png'),
(18, 'Sen Ze - Jayne Ng', NULL, 'no-photo.png'),
(19, 'Woo Bo Hyun', NULL, 'no-photo.png'),
(20, 'Richie Hahn', NULL, 'no-photo.png'),
(21, 'The Sakura', NULL, 'no-photo.png'),
(22, 'Trần Hiền Thần', NULL, 'no-photo.png'),
(23, 'The Zishi', NULL, 'no-photo.png'),
(24, 'Raymond Murphy', NULL, 'no-photo.png'),
(25, 'The Windy', NULL, 'no-photo.png'),
(26, 'Lê Ngọc Bửu', NULL, 'no-photo.png'),
(27, 'Huyền Linh', NULL, 'no-photo.png'),
(28, 'Phan Minh Đạo', NULL, 'no-photo.png'),
(29, 'Nguyễn Thị Thu Huế', NULL, 'no-photo.png'),
(30, 'Nhiều Tác Giả', NULL, 'no-photo.png'),
(31, 'Sa Thị Hồng Hạnh', NULL, 'no-photo.png'),
(32, 'The Windy', NULL, 'no-photo.png'),
(33, 'Nguyễn Thị Mỹ Duyên', NULL, 'no-photo.png'),
(34, 'Hoàng Đức Huy', NULL, 'no-photo.png'),
(35, 'TS. Ngô Thu Yến - Ths. Cao Thị Hằng', NULL, 'no-photo.png'),
(36, 'Hoàng Nguyên', NULL, 'no-photo.png'),
(37, 'Tracy Hogg & Melinda Blau', NULL, 'no-photo.png'),
(38, 'Thiệu Vĩ Hoa', NULL, 'no-photo.png'),
(39, 'Minh Nghiêm', NULL, 'no-photo.png'),
(40, 'Viên Chi', NULL, 'no-photo.png'),
(41, 'Yun Lukas - Huỳnh Đức Hùng ', NULL, 'no-photo.png'),
(42, 'Phan Thắng Thái Hòa', NULL, 'no-photo.png'),
(43, 'BS. Lê Anh Sơn', NULL, 'no-photo.png'),
(44, 'BS. Hoàng Thúy', NULL, 'no-photo.png'),
(45, 'Phan Anh', NULL, 'no-photo.png'),
(46, 'Eileen Kennedy-Moore & Mark S.Lowenthal', NULL, 'no-photo.png'),
(47, 'Tony Buzan', NULL, 'no-photo.png'),
(48, 'Triệu Thị Chơi', NULL, 'no-photo.png'),
(49, 'TS. Wendy Mogel ', NULL, 'no-photo.png'),
(50, 'Vũ Thị Lệ Hằng', NULL, 'no-photo.png'),
(51, 'Nhóm tác giả', NULL, 'no-photo.png'),
(52, 'Lương y Quốc Đương', NULL, 'no-photo.png'),
(53, 'Jill Savage', NULL, 'no-photo.png'),
(54, 'Hiểu Huy', NULL, 'no-photo.png'),
(55, 'Hungazit Nguyen ', NULL, 'no-photo.png'),
(57, 'Nguyễn Mạnh Tuấn', '', '0.jpg');

-- --------------------------------------------------------

--
-- Table structure for table `books`
--

CREATE TABLE IF NOT EXISTS `books` (
  `id` int(11) NOT NULL AUTO_INCREMENT,
  `author_id` int(11) DEFAULT NULL,
  `category_id` int(11) NOT NULL,
  `name` varchar(255) DEFAULT NULL,
  `covertype` varchar(45) DEFAULT NULL,
  `price` float DEFAULT NULL,
  `description` text,
  `image` varchar(255) DEFAULT NULL,
  PRIMARY KEY (`id`)
) ENGINE=MyISAM  DEFAULT CHARSET=utf8 AUTO_INCREMENT=213 ;

--
-- Dumping data for table `books`
--

INSERT INTO `books` (`id`, `author_id`, `category_id`, `name`, `covertype`, `price`, `description`, `image`) VALUES
(1, 20, 25, 'Across The River And Into The Trees', 'Bìa Cứng', 162000, NULL, '1.7.jpg'),
(2, 26, 83, 'Consider The Lobster', 'Bìa Mềm', 216000, NULL, '1.8.jpg'),
(3, 12, 81, 'Napoleon Hill''s Keys To Success', 'Bìa Mềm', 243000, NULL, '1.11.jpg'),
(4, 40, 26, 'The Law Of Success', 'Bìa Mềm', 270000, NULL, '1.14.jpg'),
(5, 11, 75, 'Leaders Eat Last: Why Some Teams Pull Together And Others Don’t', 'Bìa Mềm', 731000, NULL, 'sinek_leaderseatlast.jpg'),
(6, 9, 65, 'I Am Malala', 'Bìa Cứng', 629000, NULL, 'am-malala-stood-education.jpg'),
(7, 14, 44, 'The Day The Crayons Quit', 'Bìa Mềm', 577000, NULL, 'the-day-the-crayons-quit.jpg'),
(8, 44, 3, 'Reconstructing Macroeconomics', 'Bìa Mềm', 930000, NULL, 'reconstructing-macroeconomics.jpg'),
(9, 36, 77, 'Anna Karenina', 'Bìa Cứng', 65000, NULL, '002_9.jpg'),
(10, 17, 81, 'No Way Back', 'Bìa Mềm', 162000, NULL, 'no_way_back.jpg'),
(11, 23, 3, 'The Bookseller Of Kabul', 'Bìa Cứng', 202000, NULL, 'the_bookseller_of_kabul.jpg'),
(12, 24, 94, 'Lipstick Jungle', 'Bìa Cứng', 202000, NULL, 'img116_2.jpg'),
(13, 11, 105, 'River Of Destiny', 'Bìa Cứng', 202000, NULL, 'river_of_destiny.jpg'),
(14, 46, 105, 'Sharpening Skill For The Toefl IBT 1 (Kèm 4CD) ( Tái bản)', 'Bìa Cứng', 100000, NULL, 'sharpening_skill_for_the_toefl_ibt_1.jpg'),
(15, 41, 4, 'Barron''s IELTS International English (Kèm 2CD) - Tái Bản', 'Bìa Cứng', 116000, NULL, 'barron_ielts_international_english_3.jpg'),
(16, 12, 15, 'Prepare For Ielts Academic Practice Tests (Kèm 4 CD) - Khổ Lớn', 'Bìa Cứng', 124000, NULL, 'prepare_for_ielts_academic_2.jpg'),
(17, 23, 63, 'Barron''s Toeic Test (5th Edition)', 'Bìa Mềm', 150000, NULL, 'toiec__1.jpg'),
(18, 14, 54, 'Prepare For Ielts General Training PracticeTests (Không CD)', 'Bìa Cứng', 79000, NULL, 'img943_2.jpg'),
(19, 9, 32, 'Lang Gia Bảng (Tập 3) - Thiên Đạo Sáng Ngời', 'Bìa Cứng', 101000, NULL, 'lang-gia-bang-tap-3.jpg'),
(20, 31, 54, 'Cây Táo Yêu Thương - The Giving Tree (Song Ngữ)', 'Bìa Cứng', 45000, NULL, 'cay-tao-yeu-thuong.jpg'),
(21, 24, 44, 'Tiểu Sử Steve Jobs (Tái Bản 2014) - Bìa Cứng', 'Bìa Mềm', 153000, NULL, 'ste.jpg'),
(22, 10, 72, 'Bài Học Cuộc Sống', 'Bìa Cứng', 68000, NULL, 'bai-hoc-cuoc-song.jpg'),
(23, 12, 115, 'Bay Cùng Những Ước Mơ', 'Bìa Mềm', 36000, NULL, 'bay-cung-nhung-uoc-mo.jpg'),
(24, 21, 46, 'Tâm Thành Lộc Đời (Tặng Kèm CD Cuộc Đời Hoài Phí)', 'Bìa Mềm', 120000, NULL, 'biamem.jpg'),
(25, 36, 10, 'Bảy Kiếp Xui Xẻo (Tái Bản 2015) - Tặng Kèm Bookmark Chibi', 'Bìa Cứng', 103000, NULL, 'bay-kiep-xui-xeo_3_1.jpg'),
(26, 18, 97, 'Búp Bê Đang Ngủ (Tái Bản)', 'Bìa Mềm', 116000, NULL, 'bup-be-dang-ngu.jpg'),
(27, 12, 97, 'Mong Mong Chú Cún Ham Đọc Sách', 'Bìa Cứng', 42000, NULL, 'mong-mong-chu-cun-ham-doc-sach.jpg'),
(28, 7, 69, 'Xa Xăm Gõ Cửa (Tập Thơ)', 'Bìa Cứng', 66000, NULL, 'xa-xam-go-cua.jpg'),
(29, 24, 106, 'Hãy Nhắm Mắt Khi Anh Đến (Tập 1)', 'Bìa Mềm', 95000, NULL, 'hay-nham-mat-khi-anh-den-2.jpg'),
(30, 3, 19, 'Nếu Ốc Sên Có Tình Yêu (Tái Bản 2014)', 'Bìa Mềm', 120000, NULL, 'neu-oc-sen-co-tinh-yeu-tai-ban-2014_1.jpg'),
(31, 35, 82, 'Tam Sinh Tam Thế Thập Lý Đào Hoa (Tái Bản) (Tặng Bookmark Và Poster)', 'Bìa Mềm', 87000, NULL, 'tstt-b1.jpg'),
(32, 46, 13, 'Dịch vụ BookCare 40 quyển', 'Bìa Mềm', 99000, NULL, 'bookcare-3.png'),
(33, 1, 64, 'Buồn Làm Sao Buông', 'Bìa Mềm', 53000, NULL, 'buon-lam-sao-buong.jpg'),
(34, 12, 42, 'Việt Nam Danh Tác - Giông Tố', 'Bìa Mềm', 78000, NULL, 'giong-to.jpg'),
(35, 32, 3, 'Những Cây Cầu Ở Quận Madison (Phương Đông)', 'Bìa Mềm', 52000, NULL, 'nhung-cay-cau-o-quan-madison_1_1_1.jpg'),
(36, 23, 52, 'Tư Duy Nhanh Và Chậm', 'Bìa Cứng', 149000, NULL, 'tu-duy-nhanh-va-cham_1.jpg'),
(37, 7, 17, 'Living History - Hồi Ký Hillary Clinton Và Chính Trường Nước Mỹ (Tái Bản 2014)', 'Bìa Mềm', 280000, NULL, 'h_i_k_cliton.jpg'),
(38, 14, 84, 'Việt Nam Danh Tác - Chân Trời Cũ', 'Bìa Cứng', 40000, NULL, 'chan-troi-cu.jpg'),
(39, 8, 87, 'Lang Gia Bảng 2 - Gió Bụi Mịt Mù', 'Bìa Mềm', 95000, NULL, '1.7.jpg'),
(40, 30, 97, 'Chó Hoang Dingo, Hay Là Câu Chuyện Mối Tình Đầu', 'Bìa Mềm', 50000, NULL, 'img116_2.jpg'),
(41, 10, 86, 'Lang Gia Bảng (Tập 3) - Thiên Đạo Sáng Ngời', 'Bìa Mềm', 101000, NULL, 'the-day-the-crayons-quit.jpg'),
(42, 47, 8, 'Loạn Thế Anh Hùng', 'Bìa Mềm', 79000, NULL, 'img943_2.jpg'),
(43, 12, 103, 'Người Đàn Ông Đến Từ Bắc Kinh', 'Bìa Mềm', 94000, NULL, 'prepare_for_ielts_academic_2.jpg'),
(44, 6, 94, 'Thép Đã Tôi Thế Đấy', 'Bìa Mềm', 88000, NULL, 'toiec__1.jpg'),
(45, 1, 108, 'Mong Mong Chú Cún Ham Đọc Sách', 'Bìa Cứng', 42000, NULL, 'the-day-the-crayons-quit.jpg'),
(46, 46, 97, 'Việc Làng', 'Bìa Cứng', 35000, NULL, '1.11.jpg'),
(47, 15, 72, 'Không Yêu Thì', 'Bìa Cứng', 87000, NULL, 'the_bookseller_of_kabul.jpg'),
(48, 5, 102, 'Bữa Trưa Tình Yêu (Ấn Bản Kỷ Niệm) - Bổ Sung 5 Ngoại Truyện', 'Bìa Mềm', 87000, NULL, 'no_way_back.jpg'),
(49, 40, 82, 'Kiếp Ba Khía', 'Bìa Mềm', 48000, NULL, 'sinek_leaderseatlast.jpg'),
(50, 20, 81, 'Kỳ Thi Sắt - Trường Học Pháp Thuật', 'Bìa Cứng', 66000, NULL, 'river_of_destiny.jpg'),
(51, 16, 109, 'Cốt Cách Mỹ Nhân', 'Bìa Mềm', 94000, NULL, '1.11.jpg'),
(52, 27, 5, 'Những Người Thích Đùa', 'Bìa Mềm', 42000, NULL, '002_9.jpg'),
(53, 28, 10, 'Đâu Ngờ Người Ấy Ngay Bên Ta', 'Bìa Mềm', 78000, NULL, 'img943_2.jpg'),
(54, 16, 76, 'Mẹ Ơi Con Sẽ Lại Về', 'Bìa Cứng', 56000, NULL, 'no_way_back.jpg'),
(55, 15, 100, 'Âm Thanh Và Cuồng Nộ (Tái Bản 2014)', 'Bìa Cứng', 88000, NULL, 'no_way_back.jpg'),
(56, 23, 35, 'Anh Chỉ Cần Em (Tái Bản 2015)', 'Bìa Cứng', 76000, NULL, 'sharpening_skill_for_the_toefl_ibt_1.jpg'),
(57, 14, 6, 'Đánh Cược Với Tình Yêu', 'Bìa Mềm', 84000, NULL, 'no_way_back.jpg'),
(58, 36, 82, 'Trái Tim Có Nắng (Tập Thơ)', 'Bìa Mềm', 50000, NULL, 'sharpening_skill_for_the_toefl_ibt_1.jpg'),
(59, 13, 44, 'Vết Cắt Hành Xác', 'Bìa Cứng', 79000, NULL, 'sharpening_skill_for_the_toefl_ibt_1.jpg'),
(60, 43, 75, 'Chúng Mình Có Thể Bắt Đầu Không?', 'Bìa Cứng', 53000, NULL, 'the-day-the-crayons-quit.jpg'),
(61, 49, 70, 'Hàng Không Bán (Tặng Kèm Poster cho 200 Đơn Hàng Đầu Tiên)', 'Bìa Mềm', 54000, NULL, 'img943_2.jpg'),
(62, 30, 99, 'Bản Thông Báo Tử Vong - Số Mệnh 1', 'Bìa Cứng', 104000, NULL, 'am-malala-stood-education.jpg'),
(63, 9, 56, 'Mùa Yêu Đầu', 'Bìa Cứng', 50000, NULL, 'prepare_for_ielts_academic_2.jpg'),
(64, 35, 11, 'Sách Chuyên Khảo - Quản Trị Quan Hệ Khách Hàng Tại Các Ngân Hàng Thương Mại', 'Bìa Cứng', 52000, NULL, 'the-day-the-crayons-quit.jpg'),
(65, 32, 88, 'Tư Duy Đột Phá (Tái Bản 2014)', 'Bìa Cứng', 70000, NULL, '1.14.jpg'),
(66, 47, 12, 'You Can Win - Bí Quyết Của Người Chiến Thắng', 'Bìa Cứng', 54000, NULL, '1.14.jpg'),
(67, 4, 22, 'Sách Dạy Đọc Nhanh (Tái Bản 2014)', 'Bìa Mềm', 205000, NULL, 'sharpening_skill_for_the_toefl_ibt_1.jpg'),
(68, 2, 73, 'Bí Mật Của Một Trí Nhớ Siêu Phàm (Tái Bản 2014)', 'Bìa Mềm', 59000, NULL, 'river_of_destiny.jpg'),
(69, 13, 59, 'Thuật Ủy Quyền Và Giám Sát', 'Bìa Cứng', 41000, NULL, 'am-malala-stood-education.jpg'),
(70, 37, 50, 'Thuật Thúc Đẩy Nhân Viên', 'Bìa Mềm', 41000, NULL, '002_9.jpg'),
(71, 47, 56, 'Thuật Quản Trị', 'Bìa Cứng', 41000, NULL, 'no_way_back.jpg'),
(72, 41, 30, 'Thuật Lãnh Đạo', 'Bìa Cứng', 41000, NULL, 'the-day-the-crayons-quit.jpg'),
(73, 43, 98, 'Thuật Marketing', 'Bìa Cứng', 41000, NULL, 'sinek_leaderseatlast.jpg'),
(74, 1, 99, 'Hồi Ký Rich Devos - Con Đường Tỷ Phú', 'Bìa Cứng', 126000, NULL, '1.7.jpg'),
(75, 39, 43, 'Làm Thế Nào Để Tăng Lương', 'Bìa Cứng', 79200, NULL, '1.11.jpg'),
(76, 4, 113, 'Thuật Đàm Phán', 'Bìa Cứng', 41000, NULL, 'the-day-the-crayons-quit.jpg'),
(77, 21, 91, 'Trạng Thái Mua Hàng - Khoa Học Thôi Miên Mới', 'Bìa Cứng', 95000, NULL, '1.7.jpg'),
(78, 38, 44, 'Sách Lược Đầu Tư Của W. Buffett', 'Bìa Cứng', 56000, NULL, 'img943_2.jpg'),
(79, 29, 98, 'Quản Lý Rủi Ro Trong Kinh Doanh Ngoại Hối Tại Các Ngân Hàng Thương Mại Cổ Phần', 'Bìa Cứng', 52000, NULL, 'the_bookseller_of_kabul.jpg'),
(80, 41, 92, 'Phòng Ngừa Rủi Ro Tín Dụng Ngân Hàng Thương Mại Trên Địa Bàn Thành Phố Hồ Chí Minh', 'Bìa Cứng', 48000, NULL, 'river_of_destiny.jpg'),
(81, 48, 37, 'Khởi Nghiệp Ngay!', 'Bìa Mềm', 50000, NULL, 'img116_2.jpg'),
(82, 49, 115, 'Phương Pháp Đầu Tư Warren Buffett', 'Bìa Cứng', 82000, NULL, 'sinek_leaderseatlast.jpg'),
(83, 17, 107, 'Hiệu Ứng Lan Truyền', 'Bìa Mềm', 61000, NULL, 'toiec__1.jpg'),
(84, 1, 82, 'Cuộc Chiến SmartPhone', 'Bìa Mềm', 59000, NULL, 'reconstructing-macroeconomics.jpg'),
(85, 23, 51, 'The Samsung Way - Đế Chế Công Nghệ Và Phương Thức Samsung', 'Bìa Cứng', 104000, NULL, '1.8.jpg'),
(86, 33, 81, 'Tra Cứu Những Giải Pháp Tháo Gỡ Khó Khăn Dành Cho Doanh Nghiệp', 'Bìa Mềm', 280000, NULL, 'prepare_for_ielts_academic_2.jpg'),
(87, 4, 69, 'AirAsia', 'Bìa Mềm', 59000, NULL, '1.7.jpg'),
(88, 34, 83, 'Nghiệp Vụ Đấu Thầu', 'Bìa Mềm', 60000, NULL, 'reconstructing-macroeconomics.jpg'),
(89, 47, 18, 'Học Từ Thất Bại', 'Bìa Cứng', 52000, NULL, 'reconstructing-macroeconomics.jpg'),
(90, 41, 58, '21 Bí Mật Của Những Nhà Diễn Thuyết Tài Ba Nhất Lịch Sử', 'Bìa Cứng', 60000, NULL, 'prepare_for_ielts_academic_2.jpg'),
(91, 39, 99, 'Sổ Tay Truyền Cảm Hứng - Hạt Giống Tâm Hồn', 'Bìa Mềm', 80000, NULL, '1.7.jpg'),
(92, 41, 94, 'Đầu Tư Cho Mối Quan Hệ', 'Bìa Mềm', 26000, NULL, 'barron_ielts_international_english_3.jpg'),
(93, 19, 54, 'Hạt Giống Tâm Hồn - Tuyển Chọn Những Câu Chuyện Hay Nhất', 'Bìa Cứng', 96000, NULL, 'the_bookseller_of_kabul.jpg'),
(94, 22, 46, 'Bí Mật Của Một Trí Nhớ Siêu Phàm (Tái Bản 2014)', 'Bìa Cứng', 59000, NULL, '1.11.jpg'),
(95, 23, 83, 'Những Kỹ Năng Dành Cho Cuộc Sống (Tái Bản 2014)', 'Bìa Mềm', 70000, NULL, 'prepare_for_ielts_academic_2.jpg'),
(96, 21, 1, 'Sức Hút Của Kỹ Năng Nói Chuyện', 'Bìa Cứng', 59000, NULL, 'no_way_back.jpg'),
(97, 39, 43, 'Hiểu Người Qua 5 Tính Cách Tiền Bạc', 'Bìa Mềm', 40000, NULL, 'the_bookseller_of_kabul.jpg'),
(98, 26, 45, '100 Câu Chuyện Triết Lý Và Kẻ Trí (Tái Bản 2014)', 'Bìa Cứng', 48000, NULL, 'barron_ielts_international_english_3.jpg'),
(99, 5, 20, 'Chàng Trai Harvard Thua Tại Vạch Xuất Phát', 'Bìa Mềm', 97000, NULL, 'no_way_back.jpg'),
(100, 25, 34, 'Kết Một Tràng Hoa', 'Bìa Mềm', 150000, NULL, 'img116_2.jpg'),
(101, 8, 100, 'Nói Lời Bạc Được Việc Vàng', 'Bìa Mềm', 55000, NULL, 'reconstructing-macroeconomics.jpg'),
(102, 4, 55, '25 Thuật Đắc Nhân Tâm (Tái Bản 2014)', 'Bìa Mềm', 59000, NULL, 'barron_ielts_international_english_3.jpg'),
(103, 36, 25, 'Tuổi 20 - Những Năm Tháng Quyết Định Cuộc Đời Bạn', 'Bìa Cứng', 64000, NULL, '1.7.jpg'),
(104, 2, 78, 'Tình Thầy Trò', 'Bìa Mềm', 39000, NULL, '1.7.jpg'),
(105, 26, 110, 'Lội Ngược Dòng', 'Bìa Mềm', 72000, NULL, '1.11.jpg'),
(106, 6, 75, '20 Tuổi Trở Thành Người Biết Nói Giỏi Làm', 'Bìa Mềm', 44000, NULL, '1.11.jpg'),
(107, 15, 98, 'Để Thời Sinh Viên Không Nhạt', 'Bìa Mềm', 63000, NULL, 'reconstructing-macroeconomics.jpg'),
(108, 2, 18, 'Nuôi Dưỡng Tâm Hồn Mở Rộng Kinh Doanh', 'Bìa Mềm', 35000, NULL, 'barron_ielts_international_english_3.jpg'),
(109, 41, 74, 'Mười Suy Nghĩ Không Bằng Một Hành Động', 'Bìa Mềm', 52000, NULL, 'img116_2.jpg'),
(110, 30, 106, 'Bài Học Cuộc Sống', 'Bìa Mềm', 68000, NULL, 'barron_ielts_international_english_3.jpg'),
(111, 42, 10, 'Bay Cùng Những Ước Mơ', 'Bìa Cứng', 36000, NULL, 'the_bookseller_of_kabul.jpg'),
(112, 26, 83, 'Cú Đánh Thức Tỉnh Trí Sáng Tạo (Sách Bỏ Túi)', 'Bìa Cứng', 37000, NULL, 'toiec__1.jpg'),
(113, 6, 106, 'Chú Chó Lạc Quan', 'Bìa Mềm', 36000, NULL, '1.7.jpg'),
(114, 4, 3, 'Từ Điển Từ Láy Dành Cho Học Sinh', 'Bìa Cứng', 24000, NULL, 'neu-oc-sen-co-tinh-yeu-tai-ban-2014_1.jpg'),
(115, 36, 11, 'Từ Điển Đồng Nghĩa Trái Nghĩa Dành Cho Học Sinh', 'Bìa Mềm', 35000, NULL, 'duong-chay-mua-xuan.jpg'),
(116, 30, 104, 'Từ Điển Hán Việt Dành Cho Học Sinh', 'Bìa Mềm', 39000, NULL, 'hay-nham-mat-khi-anh-den-2.jpg'),
(117, 23, 92, 'Ngữ Pháp Tiếng Anh Căn Bản', 'Bìa Mềm', 86000, NULL, 'bay-kiep-xui-xeo_3_1.jpg'),
(118, 27, 71, 'Simply TOEIC 5 Practice Tests (Kèm CD)', 'Bìa Mềm', 268000, NULL, 'h_i_k_cliton.jpg'),
(119, 27, 81, 'Prime TOEIC Listening (Kèm CD)', 'Bìa Mềm', 268000, NULL, 'h_i_k_cliton.jpg'),
(120, 33, 105, 'Master TOEFL Junior (Kèm CD)', 'Bìa Mềm', 142000, NULL, 'xa-xam-go-cua.jpg'),
(121, 32, 67, 'Ngữ Pháp Tiếng Anh - Các Thì Đơn Giản Dễ Hiểu', 'Bìa Mềm', 36000, NULL, 'mong-mong-chu-cun-ham-doc-sach.jpg'),
(122, 36, 63, 'A Book For IELTS 2nd Edition - Kèm CD (Tái Bản 2014)', 'Bìa Cứng', 208000, NULL, 'nhung-cay-cau-o-quan-madison_1_1_1.jpg'),
(123, 28, 19, 'Từ Điển Anh - Việt Trên 135000 Từ', 'Bìa Mềm', 80000, NULL, 'xa-xam-go-cua.jpg'),
(124, 22, 31, 'New Economy TOEIC RC 1000 (Không CD)', 'Bìa Cứng', 205000, NULL, 'h_i_k_cliton.jpg'),
(125, 2, 24, 'New Economy TOEIC LC 1000 (Kèm CD)', 'Bìa Mềm', 178000, NULL, 'tu-duy-nhanh-va-cham_1.jpg'),
(126, 30, 95, '301 Câu Đàm Thoại Tiếng Trung Quốc - Tập 1 (Kèm CD) - Tái Bản 2014', 'Bìa Mềm', 178000, NULL, 'bup-be-dang-ngu.jpg'),
(127, 41, 53, 'IELTS Success Formula Academic (Kèm CD)', 'Bìa Mềm', 268000, NULL, 'lang-gia-bang-tap-3.jpg'),
(128, 47, 111, 'Model Essays For IELTS Writing', 'Bìa Cứng', 178000, NULL, 'chan-troi-cu.jpg'),
(129, 33, 78, 'Expanding Vocabulary Through Reading (Không CD)', 'Bìa Mềm', 133000, NULL, 'giong-to.jpg'),
(130, 11, 51, 'Giáo Trình Hán Ngữ - Tập 2', 'Bìa Cứng', 41000, NULL, 'duong-chay-mua-xuan.jpg'),
(131, 15, 69, 'Luyện Nói Tiếng Anh Như Người Bản Ngữ', 'Bìa Cứng', 72000, NULL, 'giong-to.jpg'),
(132, 8, 1, 'Essential Test For TOEIC RC 1000 Vol 1 (Không CD)', 'Bìa Mềm', 232000, NULL, 'bookcare-3.png'),
(133, 25, 114, 'Essential Test For TOEIC LC 1000 Vol 1 (Kèm CD)', 'Bìa Cứng', 232000, NULL, 'giong-to.jpg'),
(134, 27, 47, 'Essential Test For TOEIC RC 1000 Vol 2 (Không CD)', 'Bìa Mềm', 250000, NULL, 'bai-hoc-cuoc-song.jpg'),
(135, 50, 68, 'Essential Test For TOEIC LC 1000 Vol 2 (Kèm CD)', 'Bìa Mềm', 223000, NULL, 'neu-oc-sen-co-tinh-yeu-tai-ban-2014_1.jpg'),
(136, 5, 45, '15 Day''s IELTS Reading (Không CD)', 'Bìa Mềm', 202000, NULL, 'h_i_k_cliton.jpg'),
(137, 28, 17, 'Từ Điển Anh - Việt (350.000 Mục Từ)', 'Bìa Mềm', 200000, NULL, 'tu-duy-nhanh-va-cham_1.jpg'),
(138, 29, 82, 'Từ Điển Tiếng Việt (Khoảng 39000 Mục Từ)', 'Bìa Cứng', 360000, NULL, 'hay-nham-mat-khi-anh-den-2.jpg'),
(139, 16, 93, 'Cẩm Nang Chăm Sóc Sức Khỏe (Điều Trị Ung Thư Từ Dân Gian Đến Khoa Học Hiện Đại - Thông Tin Và Dư Luận)', 'Bìa Cứng', 268000, NULL, 'giong-to.jpg'),
(140, 8, 45, 'Góc Bếp Thơm Bơ', 'Bìa Cứng', 116000, NULL, 'cay-tao-yeu-thuong.jpg'),
(141, 10, 23, 'Nghệ Thuật Chăm Con', 'Bìa Cứng', 56000, NULL, 'buon-lam-sao-buong.jpg'),
(142, 45, 37, 'Dự Đoán Theo Tứ Trụ', 'Bìa Mềm', 116000, NULL, 'tu-duy-nhanh-va-cham_1.jpg'),
(143, 11, 42, 'Cẩm Nang Yêu', 'Bìa Mềm', 34000, NULL, 'duong-chay-mua-xuan.jpg'),
(144, 31, 47, 'Tủ Sách Mẹ Và Bé - Bí Quyết Làm Đẹp - Sống Khỏe', 'Bìa Mềm', 35000, NULL, 'nhung-cay-cau-o-quan-madison_1_1_1.jpg'),
(145, 5, 6, 'Tủ Sách Nấu Ăn - Thực Đơn Cho Bà Mẹ Mang Thai Và Cho Con Bú', 'Bìa Mềm', 33000, NULL, 'nhung-cay-cau-o-quan-madison_1_1_1.jpg'),
(146, 5, 44, 'Những Ngón Tay Vani - Ngày Vàng Hạnh Phúc', 'Bìa Cứng', 180000, NULL, 'giong-to.jpg'),
(147, 29, 1, 'Ngẫu Hứng Vào Bếp (Tái Bản 2014)', 'Bìa Cứng', 159000, NULL, 'hay-nham-mat-khi-anh-den-2.jpg'),
(148, 3, 2, 'Bệnh Loãng Xương Và Cách Điều Trị', 'Bìa Mềm', 44000, NULL, 'xa-xam-go-cua.jpg'),
(149, 22, 114, 'Bệnh Táo Bón Và Cách Điều Trị', 'Bìa Cứng', 44000, NULL, 'bay-kiep-xui-xeo_3_1.jpg'),
(150, 13, 5, 'Bệnh Thận Và Cách Điều Trị', 'Bìa Cứng', 44000, NULL, 'hay-nham-mat-khi-anh-den-2.jpg'),
(151, 21, 86, 'Esheep Kitchen: Mật Mã Yêu Thương - Cảm Hứng Sống', 'Bìa Mềm', 196000, NULL, 'h_i_k_cliton.jpg'),
(152, 22, 25, 'Phương Pháp Khôn Ngoan Để Nuôi Dạy Con Thông Minh', 'Bìa Cứng', 90000, NULL, 'nhung-cay-cau-o-quan-madison_1_1_1.jpg'),
(153, 14, 3, 'Cải Thiện Năng Lực Trí Não 1 - Phương Pháp Tư Duy Và Kích Hoạt Trí Não', 'Bìa Cứng', 36000, NULL, 'cay-tao-yeu-thuong.jpg'),
(154, 19, 33, 'Bếp Thời Hiện Đại - Các Món Ăn Chế Biến Nhanh', 'Bìa Mềm', 32000, NULL, 'cay-tao-yeu-thuong.jpg'),
(155, 37, 67, 'Bếp Thời Hiện Đại - 40 Thực Đơn Đổi Bữa', 'Bìa Cứng', 40000, NULL, 'bookcare-3.png'),
(156, 40, 1, 'Dạy Con Kiểu Do Thái: Sự May Mắn Của Điểm B Trừ', 'Bìa Mềm', 55000, NULL, 'cay-tao-yeu-thuong.jpg'),
(157, 28, 18, 'Dạy Con Kiểu Do Thái: Sự May Mắn Của Cái Đầu Gối Bị Trầy Xước', 'Bìa Cứng', 52000, NULL, 'biamem.jpg'),
(158, 24, 15, 'Tìm Lại Hương Vị Cổ Truyền Xưa', 'Bìa Cứng', 92000, NULL, 'neu-oc-sen-co-tinh-yeu-tai-ban-2014_1.jpg'),
(159, 26, 59, 'Trầm Cảm - Làm Thế Nào Để Tránh Và Vượt Qua', 'Bìa Cứng', 44000, NULL, 'giong-to.jpg'),
(160, 7, 46, '500 Bài Thuốc Đông Y Gia Truyền Trị Bách Bệnh', 'Bìa Mềm', 52000, NULL, 'bai-hoc-cuoc-song.jpg'),
(161, 16, 44, 'Đừng Cố Làm Những Bà Mẹ Hoàn Hảo', 'Bìa Mềm', 74000, NULL, 'nhung-cay-cau-o-quan-madison_1_1_1.jpg'),
(162, 27, 65, 'Phương Pháp Dạy Con Thành Tài Của Người Cha Tốt', 'Bìa Mềm', 64000, NULL, 'nhung-cay-cau-o-quan-madison_1_1_1.jpg'),
(163, 38, 61, 'Trái Tim Của Chef', 'Bìa Mềm', 196000, NULL, 'ste.jpg'),
(164, 34, 58, 'Bộ Vở Bài Tập Lớp 4', 'Bìa Mềm', 69000, NULL, 'mong-mong-chu-cun-ham-doc-sach.jpg'),
(165, 5, 93, 'Bộ Vở Bài Tập Lớp 5', 'Bìa Mềm', 74000, NULL, 'duong-chay-mua-xuan.jpg'),
(166, 18, 2, 'Bộ Vở Bài Tập Lớp 7', 'Bìa Mềm', 50000, NULL, 'tstt-b1.jpg'),
(167, 14, 12, 'Bộ Vở Bài Tập Lớp 8', 'Bìa Cứng', 65000, NULL, 'giong-to.jpg'),
(168, 12, 61, 'Bộ Vở Bài Tập Lớp 9', 'Bìa Mềm', 66000, NULL, 'hay-nham-mat-khi-anh-den-2.jpg'),
(169, 3, 30, 'Bộ Sách Giáo Khoa Lớp 11', 'Bìa Cứng', 121000, NULL, 'bai-hoc-cuoc-song.jpg'),
(170, 4, 89, 'Tuyển Chọn Đề Ôn Luyện Và Tự Kiểm Tra Toán Lớp 3 - Tập 2', 'Bìa Mềm', 18000, NULL, 'hay-nham-mat-khi-anh-den-2.jpg'),
(171, 8, 4, 'Tuyển Chọn Đề Ôn Luyện Và Tự Kiểm Tra Toán Lớp 2 - Tập 1', 'Bìa Cứng', 18000, NULL, 'tstt-b1.jpg'),
(172, 31, 59, 'Tuyển Chọn Đề Ôn Luyện Và Tự Kiểm Tra Toán Lớp 1 - Tập 2', 'Bìa Mềm', 18000, NULL, 'biamem.jpg'),
(173, 17, 21, 'Vở Bài Tập Thực Hành Tiếng Việt Lớp 2 - Tập 1', 'Bìa Cứng', 14000, NULL, 'bookcare-3.png'),
(174, 32, 57, 'Luyện Tập Làm Văn 5', 'Bìa Cứng', 18000, NULL, 'neu-oc-sen-co-tinh-yeu-tai-ban-2014_1.jpg'),
(175, 18, 50, 'Tuyển Chọn Những Bài Văn Mẫu 12 Trong Nhà Trường', 'Bìa Cứng', 29000, NULL, 'ste.jpg'),
(176, 43, 54, 'Bộ Sách Bài Tập Lớp 7', 'Bìa Mềm', 88000, NULL, 'bai-hoc-cuoc-song.jpg'),
(177, 49, 65, 'Bộ Sách Bài Tập Lớp 5', 'Bìa Mềm', 61000, NULL, 'tu-duy-nhanh-va-cham_1.jpg'),
(178, 2, 22, 'Bộ Sách Bài Tập Lớp 9', 'Bìa Cứng', 102000, NULL, 'tu-duy-nhanh-va-cham_1.jpg'),
(179, 46, 36, '1000 Bài Văn Ứng Dụng Lớp 5 (Tái Bản)', 'Bìa Mềm', 25000, '', 'no-photo.png'),
(180, 47, 46, 'Phân Dạng Và Phương Pháp Giải Bài Tập Hình Học Không Gian 12 (Tập 1)', 'Bìa Mềm', 33000, NULL, 'bup-be-dang-ngu.jpg'),
(181, 48, 48, 'Học Tốt Ngữ Văn 12 (Tập 2)', 'Bìa Mềm', 32000, NULL, 'giong-to.jpg'),
(182, 15, 97, 'Vở Bài Tập Toán Nâng Cao Lớp 2 (Quyển 1)', 'Bìa Mềm', 21000, NULL, 'xa-xam-go-cua.jpg'),
(183, 41, 75, 'Vở Bài Tập Toán Nâng Cao Lớp 3 (Quyển 1)', 'Bìa Cứng', 21000, NULL, 'duong-chay-mua-xuan.jpg'),
(184, 43, 33, 'Học Tốt Ngữ Văn 12 (Tập 1)', 'Bìa Mềm', 32000, NULL, 'giong-to.jpg'),
(185, 14, 86, 'Giải Bài Tập Hình Học 12 (Nâng Cao)', 'Bìa Mềm', 22000, NULL, 'xa-xam-go-cua.jpg'),
(186, 29, 73, 'Nói Với Người Bạn Tu Học', 'Bìa Cứng', 31000, NULL, '1.8.jpg'),
(187, 40, 94, 'Huyền Thoại Che - Bản Lĩnh Tính Cách Tình Yêu Và Sự Bất Tử (Tái Bản 2014)', 'Bìa Cứng', 58000, NULL, '1.8.jpg'),
(188, 50, 90, 'Việt Nam Phong Tục', 'Bìa Mềm', 60000, NULL, 'reconstructing-macroeconomics.jpg'),
(189, 34, 72, 'Sa Đéc Tình Đất Tình Người', 'Bìa Mềm', 36000, NULL, 'reconstructing-macroeconomics.jpg'),
(190, 40, 109, 'Văn Hóa Nhật Bản', 'Bìa Cứng', 112000, NULL, 'toiec__1.jpg'),
(191, 41, 97, 'Ngôn Ngữ Của Chúa (Tái Bản 2014)', 'Bìa Mềm', 74000, NULL, 'sinek_leaderseatlast.jpg'),
(192, 36, 103, '100 Nhân Vật Tiêu Biểu Ở Sài Gòn Thành Phố Hồ Chí Minh Thế Kỉ XX', 'Bìa Cứng', 104000, NULL, '1.14.jpg'),
(193, 48, 24, 'Đường Xa Gánh Nặng', 'Bìa Cứng', 42000, NULL, 'sinek_leaderseatlast.jpg'),
(194, 25, 42, 'Trở Thành Đức Phật Từ Bi', 'Bìa Cứng', 64000, NULL, '1.8.jpg'),
(195, 42, 53, '30 Ngày Biết Đàn Guita', 'Bìa Cứng', 56000, NULL, '1.14.jpg'),
(196, 45, 12, 'Tả Ao Địa Lý Huyền Cơ', 'Bìa Cứng', 32000, NULL, 'the-day-the-crayons-quit.jpg'),
(197, 10, 43, 'Võ Nguyên Giáp - Đại Tướng Của Nhân Dân', 'Bìa Cứng', 76000, NULL, 'prepare_for_ielts_academic_2.jpg'),
(198, 34, 100, 'Tổng Luận Về Tướng Pháp', 'Bìa Cứng', 44000, NULL, 'img116_2.jpg'),
(199, 40, 78, 'Xem Ngày Tốt Xấu Theo Lịch Dân Gian Năm 2015 - Ất Mùi', 'Bìa Cứng', 28000, NULL, '1.7.jpg'),
(200, 28, 47, 'Lịch Vạn Niên 1945 - 2045', 'Bìa Cứng', 84000, NULL, 'barron_ielts_international_english_3.jpg'),
(201, 20, 16, 'Góc Nhìn Sử Việt - Cần Vương, Lê Dung Mật Kháng Trịnh', 'Bìa Mềm', 37000, NULL, 'the-day-the-crayons-quit.jpg'),
(202, 15, 54, 'Góc Nhìn Sử Việt - Lương Ngọc Quyến', 'Bìa Mềm', 37000, NULL, 'no_way_back.jpg'),
(203, 37, 57, 'Lịch Vạn Sự Ất Mùi 2015', 'Bìa Mềm', 21000, NULL, 'river_of_destiny.jpg'),
(204, 34, 92, 'Chiêm Tinh Học Toàn Thư (Kèm CD)', 'Bìa Mềm', 180000, NULL, 'the_bookseller_of_kabul.jpg'),
(205, 29, 57, 'Thiên Nhân Học Cổ Đại - Trích Thiên Tủy (Tập 2)', 'Bìa Cứng', 212000, NULL, 'river_of_destiny.jpg'),
(206, 21, 18, 'Bác Hồ Với Thanh, Thiếu Niên Và Nhi Đồng (Sách Ảnh)', 'Bìa Mềm', 78000, NULL, 'sharpening_skill_for_the_toefl_ibt_1.jpg'),
(207, 33, 103, 'Góc Nhìn Sử Việt - Bắc Cung Hoàng Hậu Lê Ngọc Hân Thời Ở Huế', 'Bìa Mềm', 52000, NULL, '1.14.jpg'),
(208, 13, 34, 'Một Góc Nhìn Về Văn Hóa Biển', 'Bìa Cứng', 104000, NULL, 'sharpening_skill_for_the_toefl_ibt_1.jpg'),
(209, 36, 51, 'Việt Nam Ngày Nay - Chuyện Mưu Sinh', 'Bìa Mềm', 71000, NULL, 'prepare_for_ielts_academic_2.jpg'),
(210, 49, 109, 'Xứ Đàng Trong Năm 1621', 'Bìa Mềm', 28000, NULL, 'the-day-the-crayons-quit.jpg');

-- --------------------------------------------------------

--
-- Table structure for table `categories`
--

CREATE TABLE IF NOT EXISTS `categories` (
  `id` int(11) NOT NULL AUTO_INCREMENT,
  `name` varchar(45) DEFAULT NULL,
  `description` varchar(255) DEFAULT NULL,
  `parent_id` int(11) DEFAULT NULL,
  `lft` int(11) DEFAULT NULL,
  `rght` int(11) DEFAULT NULL,
  PRIMARY KEY (`id`)
) ENGINE=MyISAM  DEFAULT CHARSET=utf8 AUTO_INCREMENT=343 ;

--
-- Dumping data for table `categories`
--

INSERT INTO `categories` (`id`, `name`, `description`, `parent_id`, `lft`, `rght`) VALUES
(1, 'Sách Tiếng Anh ', NULL, NULL, 1, 26),
(2, 'Sách Văn Học - Tiểu Thuyết ', NULL, NULL, 27, 56),
(3, 'Sách Kinh Tế ', NULL, NULL, 57, 74),
(4, 'Sách Chuyên Ngành ', NULL, NULL, 75, 102),
(5, 'Sách Kỹ Năng Sống - Nghệ Thuật Sống ', NULL, NULL, 103, 108),
(6, 'Sách Giáo Khoa - Tham Khảo ', NULL, NULL, 109, 116),
(7, 'Sách Học Ngoại Ngữ - Từ Điển ', NULL, NULL, 117, 132),
(8, 'Sách Cho Tuổi Mới Lớn ', NULL, NULL, 133, 140),
(9, 'Sách Truyện Thiếu Nhi  ', NULL, NULL, 141, 154),
(10, 'Sách Thường Thức - Đời Sống ', NULL, NULL, 155, 170),
(11, 'Truyện Tranh, Manga, Comic ', NULL, NULL, 171, 216),
(12, 'Sách Văn Hoá - Nghệ Thuật - Du Lịch ', NULL, NULL, 217, 226),
(13, 'Tạp Chí  ', NULL, NULL, 227, 254),
(14, 'Sách Nuôi Dạy Con ', NULL, NULL, 255, 256),
(15, 'New York Times Best Sellers ', NULL, 1, 2, 3),
(16, 'Business - Investing ', NULL, 1, 4, 5),
(17, 'Children ', NULL, 1, 6, 7),
(18, 'Fiction - Literature ', NULL, 1, 8, 9),
(19, 'Foreign Language Learning ', NULL, 1, 10, 11),
(20, 'How-to - Self help ', NULL, 1, 12, 13),
(21, 'Memoirs - Biographies ', NULL, 1, 14, 15),
(22, 'Non-fiction - Social sciences ', NULL, 1, 16, 17),
(23, 'Teens ', NULL, 1, 18, 19),
(24, 'Awarded books ', NULL, 1, 20, 21),
(25, 'Culture - Art ', NULL, 1, 22, 23),
(26, 'Nature - Humanities ', NULL, 1, 24, 25),
(27, 'Hài hước - Truyện cười ', NULL, 2, 28, 29),
(28, 'Huyền bí - Giả tưởng ', NULL, 2, 30, 31),
(29, 'Kinh dị ', NULL, 2, 32, 33),
(30, 'Phê bình văn học ', NULL, 2, 34, 35),
(31, 'Phóng sự - Ký sự ', NULL, 2, 36, 37),
(32, 'Tác phẩm kinh điển ', NULL, 2, 38, 39),
(33, 'Thơ ', NULL, 2, 40, 41),
(34, 'Tiểu sử - Hồi ký ', NULL, 2, 42, 43),
(35, 'Tiểu Thuyết Tình Cảm Lãng Mạn ', NULL, 2, 44, 45),
(36, 'Truyện Trinh thám ', NULL, 2, 46, 47),
(37, 'Truyện ngắn - Tản văn ', NULL, 2, 48, 49),
(38, 'Truyện Kiếm Hiệp - Phiêu lưu ', NULL, 2, 50, 51),
(39, 'Đam mỹ ', NULL, 2, 52, 53),
(40, 'Truyện Ngôn Tình ', NULL, 2, 54, 55),
(41, 'Bài học kinh doanh ', NULL, 3, 58, 59),
(42, 'Doanh nhân ', NULL, 3, 60, 61),
(43, 'Khởi nghiệp ', NULL, 3, 62, 63),
(44, 'Kinh tế học ', NULL, 3, 64, 65),
(45, 'Kỹ năng làm việc ', NULL, 3, 66, 67),
(46, 'Marketing - Bán hàng  ', NULL, 3, 68, 69),
(47, 'Quản trị - Lãnh đạo ', NULL, 3, 70, 71),
(48, 'Tài chính - Kế toán ', NULL, 3, 72, 73),
(49, 'Báo chí ', NULL, 4, 76, 77),
(50, 'Chính trị - Triết học ', NULL, 4, 78, 79),
(51, 'Công nghệ thông tin ', NULL, 4, 80, 81),
(52, 'Giáo dục ', NULL, 4, 82, 83),
(53, 'Khoa học tự nhiên ', NULL, 4, 84, 85),
(54, 'Kỹ thuật ', NULL, 4, 86, 87),
(55, 'Lịch sử - Địa lý ', NULL, 4, 88, 89),
(56, 'Mỹ thuật - Kiến trúc - Nhiếp ảnh ', NULL, 4, 90, 91),
(57, 'Nông lâm nghiệp ', NULL, 4, 92, 93),
(58, 'Pháp luật ', NULL, 4, 94, 95),
(59, 'Tâm lý - Thần học ', NULL, 4, 96, 97),
(60, 'Y dược ', NULL, 4, 98, 99),
(61, 'Lĩnh vực khác ', NULL, 4, 100, 101),
(62, 'Kỹ năng sống ', NULL, 5, 104, 105),
(63, 'Nghệ Thuật Sống Đẹp ', NULL, 5, 106, 107),
(64, 'Tập Vở Học Sinh ', NULL, 6, 110, 111),
(65, 'Sách Tham Khảo ', NULL, 6, 112, 113),
(66, 'Sách Giáo Khoa ', NULL, 6, 114, 115),
(67, 'Từ điển ', NULL, 7, 118, 119),
(68, 'Flashcard Học Tiếng Anh ', NULL, 7, 120, 121),
(69, 'Sách Học Tiếng Nhật ', NULL, 7, 122, 123),
(70, 'Sách Học Tiếng Hàn ', NULL, 7, 124, 125),
(71, 'Ngoại Ngữ Khác ', NULL, 7, 126, 127),
(72, 'Sách Học Tiếng Anh ', NULL, 7, 128, 129),
(73, 'Sách Học Tiếng Hoa ', NULL, 7, 130, 131),
(74, 'Hướng nghiệp - Kỹ năng ', NULL, 8, 134, 135),
(75, 'Tâm lý tuổi mới lớn ', NULL, 8, 136, 137),
(76, 'Truyện cho tuổi mới lớn ', NULL, 8, 138, 139),
(77, 'Truyện tranh thiếu nhi ', NULL, 9, 142, 143),
(78, 'Bài học đạo đức ', NULL, 9, 144, 145),
(79, 'Kiến thức - Kỹ năng ', NULL, 9, 146, 147),
(80, 'Vừa học vừa chơi ', NULL, 9, 148, 149),
(81, 'Truyện kể cho bé ', NULL, 9, 150, 151),
(82, 'Truyện cổ tích ', NULL, 9, 152, 153),
(83, 'Chăm sóc sức khỏe ', NULL, 10, 156, 157),
(84, 'Làm vườn - Vật nuôi ', NULL, 10, 158, 159),
(85, 'Nấu ăn ', NULL, 10, 160, 161),
(86, 'Nuôi dạy con - Chăm sóc gia đình ', NULL, 10, 162, 163),
(87, 'Phong thủy - Nhà cửa ', NULL, 10, 164, 165),
(88, 'Tâm lý - Giới tính ', NULL, 10, 166, 167),
(89, 'Trò chơi - Giải trí ', NULL, 10, 168, 169),
(90, 'Truyện tranh Doremon ', NULL, 11, 172, 173),
(91, 'Shin - Cậu Bé Bút Chì ', NULL, 11, 174, 175),
(92, 'Conan - Thám Tử Lừng Danh ', NULL, 11, 176, 177),
(93, 'One Piece ', NULL, 11, 178, 179),
(94, 'Asari - Cô Bé Tinh Nghịch ', NULL, 11, 180, 181),
(95, 'Nhóc Miko: Cô Bé Nhí Nhảnh ', NULL, 11, 182, 183),
(96, 'Đội Quân Nhí Nhố ', NULL, 11, 184, 185),
(97, 'Ô Long Viện ', NULL, 11, 186, 187),
(98, 'Lucky Luke ', NULL, 11, 188, 189),
(99, 'Ninja Loạn Thị - Ninja Rantaro ', NULL, 11, 190, 191),
(100, 'Cuốn Từ Điển Kì Bí ', NULL, 11, 192, 193),
(101, 'Gintama ', NULL, 11, 194, 195),
(102, 'Legend ', NULL, 11, 196, 197),
(103, 'Bakuman - Giấc Mơ Hoạ Sĩ Truyện Tranh ', NULL, 11, 198, 199),
(104, 'Siêu Nhân Mami ', NULL, 11, 200, 201),
(105, 'Perman - Cậu Bé Siêu Nhân ', NULL, 11, 202, 203),
(106, 'Nữ Thanh Tra Cún Con ', NULL, 11, 204, 205),
(107, 'Truyền Thuyết Anh Hùng Yoshitsune ', NULL, 11, 206, 207),
(108, 'Thần Chưởng Long Kiếm Phi - NXB Trẻ ', NULL, 11, 208, 209),
(109, 'Thiên Long Bát Bộ - NXB Trẻ ', NULL, 11, 210, 211),
(110, 'Vương Tiểu Long - NXB Trẻ ', NULL, 11, 212, 213),
(111, 'Các Truyện Tranh Khác ', NULL, 11, 214, 215),
(112, 'Danh nhân - Người nổi tiếng ', NULL, 12, 218, 219),
(113, 'Du lịch - Văn hóa ', NULL, 12, 220, 221),
(114, 'Nghệ thuật ', NULL, 12, 222, 223),
(115, 'Tâm linh - tôn giáo ', NULL, 12, 224, 225);

/*!40101 SET CHARACTER_SET_CLIENT=@OLD_CHARACTER_SET_CLIENT */;
/*!40101 SET CHARACTER_SET_RESULTS=@OLD_CHARACTER_SET_RESULTS */;
/*!40101 SET COLLATION_CONNECTION=@OLD_COLLATION_CONNECTION */;
